{"image00001.png": {"0": [[0.23, 0.7, 0.10000000000000003, 0.16000000000000003]]}, "image00004.png": {"0": [[0.21500000000000002, 0.6699999999999999, 0.09, 0.14]]}, "image00007.png": {"0": [[0.21500000000000002, 0.6399999999999999, 0.09, 0.14]]}, "image00010.png": {"0": [[0.22, 0.5800000000000001, 0.08000000000000002, 0.14]]}, "image00013.png": {"0": [[0.23500000000000001, 0.54, 0.09000000000000002, 0.14]]}, "image00016.png": {"0": [[0.26, 0.495, 0.07999999999999999, 0.13000000000000006]]}, "image00019.png": {"0": [[0.28500000000000003, 0.455, 0.07, 0.13]]}, "image00022.png": {"0": [[0.315, 0.415, 0.06999999999999995, 0.13]]}, "image00025.png": {"0": [[0.33999999999999997, 0.395, 0.08000000000000002, 0.13]]}, "image00028.png": {"0": [[0.36, 0.39, 0.08000000000000002, 0.12]]}, "image00031.png": {"0": [[0.38, 0.38, 0.07999999999999996, 0.12]]}, "image00034.png": {"0": [[0.41500000000000004, 0.37, 0.09000000000000002, 0.14]]}, "image00037.png": {"0": [[0.44999999999999996, 0.365, 0.08000000000000002, 0.15000000000000002]]}, "image00040.png": {"0": [[0.48, 0.35, 0.08000000000000002, 0.13999999999999996]]}, "image00043.png": {"0": [[0.51, 0.355, 0.08000000000000007, 0.14999999999999997]]}, "image00046.png": {"0": [[0.5349999999999999, 0.35, 0.08999999999999997, 0.13999999999999996]]}, "image00049.png": {"0": [[0.56, 0.355, 0.07999999999999996, 0.14999999999999997]]}, "image00052.png": {"0": [[0.6000000000000001, 0.36, 0.07999999999999996, 0.14]]}, "image00055.png": {"0": [[0.62, 0.375, 0.08000000000000007, 0.15000000000000002]]}, "image00058.png": {"0": [[0.615, 0.425, 0.09000000000000008, 0.13]]}, "image00061.png": {"0": [[0.62, 0.485, 0.08000000000000007, 0.15000000000000008]]}, "image00064.png": {"0": [[0.62, 0.5549999999999999, 0.08000000000000007, 0.13]]}, "image00067.png": {"0": [[0.62, 0.63, 0.08000000000000007, 0.1399999999999999]]}, "image00070.png": {"0": [[0.635, 0.7050000000000001, 0.07000000000000006, 0.15000000000000002]]}, "image00073.png": {"0": [[0.6599999999999999, 0.7649999999999999, 0.07999999999999996, 0.15000000000000002]]}, "image00076.png": {"0": [[0.69, 0.8, 0.07999999999999996, 0.16000000000000003]]}, "image00079.png": {"0": [[0.72, 0.825, 0.07999999999999996, 0.15000000000000002]]}, "image00082.png": {"0": [[0.745, 0.825, 0.09000000000000008, 0.13]]}, "image00085.png": {"0": [[0.7749999999999999, 0.835, 0.08999999999999997, 0.13]]}, "image00088.png": {"0": [[0.8049999999999999, 0.835, 0.08999999999999997, 0.13]]}, "image00091.png": {"0": [[0.8200000000000001, 0.8, 0.07999999999999996, 0.14]]}, "image00094.png": {"0": [[0.8200000000000001, 0.72, 0.07999999999999996, 0.12]]}, "image00097.png": {"0": [[0.825, 0.6399999999999999, 0.08999999999999997, 0.14]]}, "image00100.png": {"0": [[0.8200000000000001, 0.575, 0.07999999999999996, 0.13]]}, "image00103.png": {"0": [[0.815, 0.53, 0.06999999999999995, 0.12]]}, "image00106.png": {"0": [[0.8049999999999999, 0.47, 0.08999999999999997, 0.12000000000000005]]}, "image00109.png": {"0": [[0.7949999999999999, 0.43, 0.08999999999999997, 0.14]]}, "image00112.png": {"0": [[0.78, 0.38, 0.07999999999999996, 0.12]]}, "image00115.png": {"0": [[0.745, 0.35, 0.09000000000000008, 0.13999999999999996]]}, "image00118.png": {"0": [[0.7, 0.31, 0.07999999999999996, 0.14]]}, "image00121.png": {"0": [[0.6499999999999999, 0.285, 0.07999999999999996, 0.12999999999999998]]}, "image00124.png": {"0": [[0.61, 0.295, 0.08000000000000007, 0.12999999999999998]]}, "image00127.png": {"0": [[0.5700000000000001, 0.305, 0.07999999999999996, 0.13]]}, "image00130.png": {"0": [[0.53, 0.325, 0.07999999999999996, 0.13]]}, "image00133.png": {"0": [[0.47, 0.345, 0.08000000000000002, 0.12999999999999995]]}, "image00136.png": {"0": [[0.41500000000000004, 0.36, 0.09000000000000002, 0.14]]}, "image00139.png": {"0": [[0.375, 0.38, 0.08999999999999997, 0.16000000000000003]]}, "image00142.png": {"0": [[0.33499999999999996, 0.405, 0.09000000000000002, 0.14999999999999997]]}, "image00145.png": {"0": [[0.29500000000000004, 0.465, 0.09000000000000002, 0.15000000000000002]]}, "image00148.png": {"0": [[0.255, 0.515, 0.09, 0.14999999999999997]]}, "image00151.png": {"0": [[0.21500000000000002, 0.585, 0.09, 0.15000000000000002]]}, "image00154.png": {"0": [[0.175, 0.645, 0.09, 0.15000000000000002]]}, "image00157.png": {"0": [[0.16999999999999998, 0.64, 0.1, 0.15999999999999992]]}}