{"image00001.png": {"0": [[[0.19296875, 0.6291666666666667], [0.19453125, 0.7777777777777778], [0.27578125, 0.7680555555555556], [0.2734375, 0.6333333333333333]]]}, "image00004.png": {"0": [[[0.17734375, 0.6069444444444444], [0.178125, 0.7361111111111112], [0.2578125, 0.7375], [0.25546875, 0.6083333333333333]]]}, "image00007.png": {"0": [[[0.17265625, 0.5597222222222222], [0.17109375, 0.7069444444444445], [0.2546875, 0.6972222222222222], [0.253125, 0.5625]]]}, "image00010.png": {"0": [[[0.18125, 0.5166666666666667], [0.1796875, 0.6472222222222223], [0.26484375, 0.6430555555555556], [0.26328125, 0.5138888888888888]]]}, "image00013.png": {"0": [[[0.19453125, 0.4736111111111111], [0.19453125, 0.6041666666666666], [0.278125, 0.5986111111111111], [0.27578125, 0.4777777777777778]]]}, "image00016.png": {"0": [[[0.22109375, 0.43194444444444446], [0.21875, 0.5569444444444445], [0.30078125, 0.5513888888888889], [0.2984375, 0.4375]]]}, "image00019.png": {"0": [[[0.24921875, 0.39305555555555555], [0.24453125, 0.5111111111111111], [0.32734375, 0.5125], [0.32890625, 0.4013888888888889]]]}, "image00022.png": {"0": [[[0.28046875, 0.3527777777777778], [0.2765625, 0.4708333333333333], [0.3578125, 0.4777777777777778], [0.3578125, 0.36527777777777776]]]}, "image00025.png": {"0": [[[0.30390625, 0.325], [0.30546875, 0.44722222222222224], [0.3828125, 0.44583333333333336], [0.38203125, 0.33055555555555555]]]}, "image00028.png": {"0": [[[0.3203125, 0.325], [0.32421875, 0.4513888888888889], [0.40234375, 0.44166666666666665], [0.39609375, 0.33194444444444443]]]}, "image00031.png": {"0": [[[0.340625, 0.32222222222222224], [0.346875, 0.44305555555555554], [0.42578125, 0.43472222222222223], [0.4171875, 0.31527777777777777]]]}, "image00034.png": {"0": [[[0.3765625, 0.30972222222222223], [0.3828125, 0.42777777777777776], [0.45703125, 0.41944444444444445], [0.45, 0.3055555555555556]]]}, "image00037.png": {"0": [[[0.4109375, 0.30277777777777776], [0.4140625, 0.4222222222222222], [0.48828125, 0.41805555555555557], [0.484375, 0.3]]]}, "image00040.png": {"0": [[[0.44296875, 0.29305555555555557], [0.44296875, 0.4236111111111111], [0.5171875, 0.4111111111111111], [0.5140625, 0.2916666666666667]]]}, "image00043.png": {"0": [[[0.4734375, 0.29305555555555557], [0.475, 0.4111111111111111], [0.55234375, 0.4111111111111111], [0.54765625, 0.2875]]]}, "image00046.png": {"0": [[[0.496875, 0.29583333333333334], [0.4984375, 0.4111111111111111], [0.578125, 0.4111111111111111], [0.571875, 0.28888888888888886]]]}, "image00049.png": {"0": [[[0.52109375, 0.3055555555555556], [0.52734375, 0.42916666666666664], [0.6078125, 0.4152777777777778], [0.59609375, 0.2875]]]}, "image00052.png": {"0": [[[0.559375, 0.2902777777777778], [0.565625, 0.42083333333333334], [0.64296875, 0.40555555555555556], [0.63359375, 0.2777777777777778]]]}, "image00055.png": {"0": [[[0.5796875, 0.31666666666666665], [0.58515625, 0.44166666666666665], [0.65859375, 0.425], [0.653125, 0.2986111111111111]]]}, "image00058.png": {"0": [[[0.578125, 0.3638888888888889], [0.58359375, 0.49027777777777776], [0.65703125, 0.48194444444444445], [0.646875, 0.3472222222222222]]]}, "image00061.png": {"0": [[[0.5796875, 0.43472222222222223], [0.58359375, 0.5430555555555555], [0.65859375, 0.5375], [0.6484375, 0.4083333333333333]]]}, "image00064.png": {"0": [[[0.58125, 0.49444444444444446], [0.58671875, 0.6208333333333333], [0.65859375, 0.6152777777777778], [0.64921875, 0.48333333333333334]]]}, "image00067.png": {"0": [[[0.5875, 0.5652777777777778], [0.58671875, 0.6930555555555555], [0.66171875, 0.6930555555555555], [0.6546875, 0.5555555555555556]]]}, "image00070.png": {"0": [[[0.59609375, 0.6416666666666667], [0.5984375, 0.7611111111111111], [0.6734375, 0.7666666666666667], [0.66640625, 0.6291666666666667]]]}, "image00073.png": {"0": [[[0.62109375, 0.6847222222222222], [0.62109375, 0.8236111111111111], [0.6953125, 0.8291666666666667], [0.69140625, 0.6972222222222222]]]}, "image00076.png": {"0": [[[0.65703125, 0.7277777777777777], [0.64921875, 0.8527777777777777], [0.73046875, 0.8680555555555556], [0.73125, 0.7402777777777778]]]}, "image00079.png": {"0": [[[0.6828125, 0.7513888888888889], [0.6828125, 0.8791666666666667], [0.759375, 0.8888888888888888], [0.75546875, 0.7625]]]}, "image00082.png": {"0": [[[0.709375, 0.7694444444444445], [0.709375, 0.8902777777777777], [0.78828125, 0.8944444444444445], [0.78203125, 0.7652777777777777]]]}, "image00085.png": {"0": [[[0.734375, 0.7736111111111111], [0.7453125, 0.9041666666666667], [0.815625, 0.8930555555555556], [0.8046875, 0.7694444444444445]]]}, "image00088.png": {"0": [[[0.76640625, 0.7680555555555556], [0.775, 0.8972222222222223], [0.84765625, 0.8875], [0.83515625, 0.7694444444444445]]]}, "image00091.png": {"0": [[[0.77890625, 0.7347222222222223], [0.790625, 0.8611111111111112], [0.8578125, 0.8486111111111111], [0.8453125, 0.7236111111111111]]]}, "image00094.png": {"0": [[[0.778125, 0.6638888888888889], [0.79375, 0.7791666666666667], [0.85703125, 0.7541666666666667], [0.84296875, 0.6486111111111111]]]}, "image00097.png": {"0": [[[0.77890625, 0.5958333333333333], [0.79921875, 0.7069444444444445], [0.8640625, 0.6875], [0.8515625, 0.575]]]}, "image00100.png": {"0": [[[0.77578125, 0.5375], [0.79375, 0.65], [0.865625, 0.625], [0.8515625, 0.5152777777777777]]]}, "image00103.png": {"0": [[[0.77265625, 0.4791666666666667], [0.7875, 0.5930555555555556], [0.85703125, 0.5791666666666667], [0.84140625, 0.4513888888888889]]]}, "image00106.png": {"0": [[[0.7671875, 0.4236111111111111], [0.7796875, 0.5472222222222223], [0.853125, 0.5277777777777778], [0.83984375, 0.39444444444444443]]]}, "image00109.png": {"0": [[[0.75390625, 0.38472222222222224], [0.76796875, 0.5013888888888889], [0.84140625, 0.48333333333333334], [0.82734375, 0.35555555555555557]]]}, "image00112.png": {"0": [[[0.73828125, 0.33055555555555555], [0.7484375, 0.45694444444444443], [0.82421875, 0.4388888888888889], [0.8125, 0.30972222222222223]]]}, "image00115.png": {"0": [[[0.70234375, 0.2902777777777778], [0.7171875, 0.41805555555555557], [0.79140625, 0.3888888888888889], [0.77890625, 0.2625]]]}, "image00118.png": {"0": [[[0.66015625, 0.2569444444444444], [0.665625, 0.38472222222222224], [0.74453125, 0.37777777777777777], [0.7328125, 0.2361111111111111]]]}, "image00121.png": {"0": [[[0.615625, 0.24166666666666667], [0.615625, 0.37222222222222223], [0.696875, 0.3597222222222222], [0.6890625, 0.2125]]]}, "image00124.png": {"0": [[[0.5703125, 0.24027777777777778], [0.57265625, 0.3611111111111111], [0.65390625, 0.34305555555555556], [0.646875, 0.225]]]}, "image00127.png": {"0": [[[0.53125, 0.25416666666666665], [0.53203125, 0.37222222222222223], [0.61015625, 0.3680555555555556], [0.6078125, 0.24305555555555555]]]}, "image00130.png": {"0": [[[0.48828125, 0.2611111111111111], [0.48359375, 0.3875], [0.56640625, 0.38333333333333336], [0.56328125, 0.24722222222222223]]]}, "image00133.png": {"0": [[[0.43125, 0.2847222222222222], [0.42734375, 0.4125], [0.51015625, 0.4111111111111111], [0.50859375, 0.2791666666666667]]]}, "image00136.png": {"0": [[[0.37265625, 0.2986111111111111], [0.37265625, 0.42777777777777776], [0.4625, 0.42083333333333334], [0.45859375, 0.28888888888888886]]]}, "image00139.png": {"0": [[[0.32421875, 0.30972222222222223], [0.32890625, 0.44027777777777777], [0.41484375, 0.4361111111111111], [0.41171875, 0.30972222222222223]]]}, "image00142.png": {"0": [[[0.28671875, 0.3458333333333333], [0.29140625, 0.48194444444444445], [0.38046875, 0.4722222222222222], [0.3734375, 0.33194444444444443]]]}, "image00145.png": {"0": [[[0.2484375, 0.39444444444444443], [0.25234375, 0.5305555555555556], [0.34921875, 0.5208333333333334], [0.33984375, 0.3861111111111111]]]}, "image00148.png": {"0": [[[0.21328125, 0.4513888888888889], [0.2140625, 0.5930555555555556], [0.3078125, 0.5847222222222223], [0.30390625, 0.4305555555555556]]]},